<?xml version="1.0" encoding="UTF-8"?>
<?xml-stylesheet type="text/xsl" href="transfromacie.xsl"?>
<!DOCTYPE slide [
      
<!ELEMENT slide (autor+,nadpis,odstavec*,odrazky*,detail)>
<!ATTLIST slide typ (uvodny|standardny|zaverecny) "standardny">
<!ELEMENT autor (#PCDATA)>
<!ELEMENT detail (#PCDATA)>
<!ELEMENT nadpis (#PCDATA)>
<!ATTLIST nadpis farba (zelena|modra|cervena|zlta|cierna) "cierna">
<!ELEMENT odstavec (#PCDATA)>  

<!ELEMENT odrazky (odrazka+)>
<!ATTLIST odrazky typ (cislovany|necislovany) "necislovany">
<!ELEMENT odrazka (#PCDATA)>
]>
  <slide typ="standardny">
      <autor>Lukas Racko</autor>
      <nadpis>Typy slidov</nadpis>
      <odstavec>Prezentacia pozna tri typy slidov. Rozlisuju sa podla zadaneho atributu.</odstavec>
      <odstavec>Podla atributu sa vykona pozadovana transformacia, ktora naformatuje jednotlive elemnety tak, aby to zodpovedalo typu zadaneho slidu.</odstavec>
      <odstavec>Kazdy slide moze obsahovat viacero klasickych odstavcov(cisty text), alebo dva typy oddrazok.</odstavec>
      <odstavec>Ako atribut k elementu odrazky je mozne nastavit "cislovany" alebo "necislovany" co urcit o aky typ odrazok pojde.</odstavec>
      <odrazky typ="cislovany">
          <odrazka>Prva cislovana odrazka...</odrazka>
          <odrazka>Druha cislovana odrazka...</odrazka>
      </odrazky>
      
      <odrazky typ="necislovany">
          <odrazka>Prva necislovana odrazka...</odrazka>
          <odrazka>Druha necislovana odrazka...</odrazka>
      </odrazky>
  </slide>