<?xml version="1.0" encoding="UTF-8"?>
<?xml-stylesheet type="text/xsl" href="transfromacie.xsl"?>
<!DOCTYPE slide [
      
<!ELEMENT slide (autor+,nadpis,odstavec*,odrazky*,detail)>
<!ATTLIST slide typ (uvodny|standardny|zaverecny) "standardny">
<!ELEMENT autor (#PCDATA)>
<!ELEMENT detail (#PCDATA)>
<!ELEMENT nadpis (#PCDATA)>
<!ATTLIST nadpis farba (zelena|modra|cervena|zlta|cierna) "cierna">
<!ELEMENT odstavec (#PCDATA)>  

<!ELEMENT odrazky (odrazka+)>
<!ATTLIST odrazky typ (cislovany|necislovany) "necislovany">
<!ELEMENT odrazka (#PCDATA)>
]>
  <slide typ="zaverecny">
      <autor>Lukas Racko</autor>
      <autor>Jozko Mrkvicka</autor>
      <nadpis>Dakujem za pozornost</nadpis>
      <detail>Webove publikovanie, STU FIIT</detail>
  </slide>